dataset,case,n_a,n_b,cutoff,metric,variant,repeat,seconds,build_seconds,peak_mib,pairs,checksum,keys_a,keys_b
Keck0069-aa,nested_500,5000,500,1,L,stream_a,0,0.0366191,0.0317309,17.8594,526,1023158330184978812,70577,0
Keck0069-aa,nested_500,5000,500,1,L,stream_small,0,0.00764579,0.00231828,2.20312,526,1023158330184978812,0,7083
Keck0069-aa,nested_500,5000,500,1,L,dual_a,0,0.0326051,0.029375,17.8672,526,1023158330184978812,70577,7083
Keck0069-aa,nested_500,5000,500,1,L,stream_large,0,0.0327451,0.0304153,17.8477,526,1023158330184978812,70577,0
Keck0069-aa,nested_500,5000,500,1,L,dual_small,0,0.0334134,0.0310959,17.8789,526,1023158330184978812,70577,7083
Keck0069-aa,nested_500,5000,500,1,L,stream_a,1,0.0386955,0.0356816,17.8555,526,1023158330184978812,70577,0
Keck0069-aa,nested_500,5000,500,1,L,dual_small,1,0.0321889,0.0296557,17.9102,526,1023158330184978812,70577,7083
Keck0069-aa,nested_500,5000,500,1,L,dual_a,1,0.0351176,0.032106,17.8281,526,1023158330184978812,70577,7083
Keck0069-aa,nested_500,5000,500,1,L,stream_small,1,0.00845464,0.00273711,2.19922,526,1023158330184978812,0,7083
Keck0069-aa,nested_500,5000,500,1,L,stream_large,1,0.0301706,0.0274752,17.9414,526,1023158330184978812,70577,0
Keck0069-aa,nested_500,5000,500,1,L,stream_small,2,0.00923847,0.00402264,2.16797,526,1023158330184978812,0,7083
Keck0069-aa,nested_500,5000,500,1,L,stream_a,2,0.0291327,0.025011,17.9141,526,1023158330184978812,70577,0
Keck0069-aa,nested_500,5000,500,1,L,dual_a,2,0.0411458,0.0343324,17.9609,526,1023158330184978812,70577,7083
Keck0069-aa,nested_500,5000,500,1,L,stream_large,2,0.0329175,0.0297651,17.9648,526,1023158330184978812,70577,0
Keck0069-aa,nested_500,5000,500,1,L,dual_small,2,0.0366589,0.0260334,17.9453,526,1023158330184978812,70577,7083
Keck0069-aa,nested_500,5000,500,2,L,stream_large,0,0.252343,0.22586,85.1836,950,14940436200688439160,476427,0
Keck0069-aa,nested_500,5000,500,2,L,stream_a,0,0.290993,0.266595,85.25,950,14940436200688439160,476427,0
Keck0069-aa,nested_500,5000,500,2,L,dual_small,0,0.285509,0.25562,85.2305,950,14940436200688439160,476427,48428
Keck0069-aa,nested_500,5000,500,2,L,dual_a,0,0.304334,0.2533,85.293,950,14940436200688439160,476427,48428
Keck0069-aa,nested_500,5000,500,2,L,stream_small,0,0.0949264,0.028756,10.8594,950,14940436200688439160,0,48428
Keck0069-aa,nested_500,5000,500,2,L,dual_small,1,0.379012,0.349777,85.2891,950,14940436200688439160,476427,48428
Keck0069-aa,nested_500,5000,500,2,L,stream_a,1,0.57721,0.545781,85.25,950,14940436200688439160,476427,0
Keck0069-aa,nested_500,5000,500,2,L,dual_a,1,0.273674,0.238273,85.293,950,14940436200688439160,476427,48428
Keck0069-aa,nested_500,5000,500,2,L,stream_large,1,0.296939,0.271262,85.207,950,14940436200688439160,476427,0
Keck0069-aa,nested_500,5000,500,2,L,stream_small,1,0.0743305,0.0270255,10.7109,950,14940436200688439160,0,48428
Keck0069-aa,nested_500,5000,500,2,L,stream_a,2,0.291694,0.265952,85.2109,950,14940436200688439160,476427,0
Keck0069-aa,nested_500,5000,500,2,L,dual_a,2,0.252733,0.214489,85.1914,950,14940436200688439160,476427,48428
Keck0069-aa,nested_500,5000,500,2,L,stream_small,2,0.0607033,0.0141137,10.6914,950,14940436200688439160,0,48428
Keck0069-aa,nested_500,5000,500,2,L,dual_small,2,0.311668,0.294937,85.3125,950,14940436200688439160,476427,48428
Keck0069-aa,nested_500,5000,500,2,L,stream_large,2,0.301816,0.269595,85.1992,950,14940436200688439160,476427,0
Keck0069-aa,nested_5000,5000,5000,1,L,dual_a,0,0.0827411,0.0642192,25.5312,5176,3009437014771555408,70577,70577
Keck0069-aa,nested_5000,5000,5000,1,L,stream_a,0,0.0549416,0.0299208,18.1797,5176,3009437014771555408,70577,0
Keck0069-aa,nested_5000,5000,5000,1,L,stream_small,0,0.057451,0.0356121,18.1641,5176,3009437014771555408,70577,0
Keck0069-aa,nested_5000,5000,5000,1,L,dual_small,0,0.0948546,0.0793689,25.5586,5176,3009437014771555408,70577,70577
Keck0069-aa,nested_5000,5000,5000,1,L,stream_large,0,0.0570011,0.0370155,18.1094,5176,3009437014771555408,70577,0
Keck0069-aa,nested_5000,5000,5000,1,L,dual_small,1,0.0896306,0.0713099,25.4766,5176,3009437014771555408,70577,70577
Keck0069-aa,nested_5000,5000,5000,1,L,stream_large,1,0.0559137,0.0383454,18.1523,5176,3009437014771555408,70577,0
Keck0069-aa,nested_5000,5000,5000,1,L,stream_a,1,0.0553582,0.0322183,18.2305,5176,3009437014771555408,70577,0
Keck0069-aa,nested_5000,5000,5000,1,L,dual_a,1,0.0778287,0.0552011,25.4531,5176,3009437014771555408,70577,70577
Keck0069-aa,nested_5000,5000,5000,1,L,stream_small,1,0.0544062,0.0338255,18.1406,5176,3009437014771555408,70577,0
Keck0069-aa,nested_5000,5000,5000,1,L,stream_large,2,0.0526944,0.0349826,18.0742,5176,3009437014771555408,70577,0
Keck0069-aa,nested_5000,5000,5000,1,L,stream_a,2,0.0581089,0.0358658,18.1406,5176,3009437014771555408,70577,0
Keck0069-aa,nested_5000,5000,5000,1,L,dual_small,2,0.0873296,0.0684923,25.4688,5176,3009437014771555408,70577,70577
Keck0069-aa,nested_5000,5000,5000,1,L,stream_small,2,0.0656968,0.0377803,18.1328,5176,3009437014771555408,70577,0
Keck0069-aa,nested_5000,5000,5000,1,L,dual_a,2,0.0863402,0.0644829,25.5,5176,3009437014771555408,70577,70577
Keck0069-aa,nested_5000,5000,5000,2,L,dual_a,0,0.69604,0.525346,136.652,9156,4444161935764871024,476427,476427
Keck0069-aa,nested_5000,5000,5000,2,L,stream_large,0,0.453121,0.276274,85.582,9156,4444161935764871024,476427,0
Keck0069-aa,nested_5000,5000,5000,2,L,dual_small,0,0.647955,0.495025,136.527,9156,4444161935764871024,476427,476427
Keck0069-aa,nested_5000,5000,5000,2,L,stream_small,0,0.445575,0.270185,85.5703,9156,4444161935764871024,476427,0
Keck0069-aa,nested_5000,5000,5000,2,L,stream_a,0,0.446635,0.273391,85.5234,9156,4444161935764871024,476427,0
Keck0069-aa,nested_5000,5000,5000,2,L,stream_a,1,0.425496,0.255501,85.6094,9156,4444161935764871024,476427,0
Keck0069-aa,nested_5000,5000,5000,2,L,dual_small,1,0.651879,0.492335,136.586,9156,4444161935764871024,476427,476427
Keck0069-aa,nested_5000,5000,5000,2,L,dual_a,1,0.662716,0.501995,136.57,9156,4444161935764871024,476427,476427
Keck0069-aa,nested_5000,5000,5000,2,L,stream_small,1,0.443696,0.269271,85.5469,9156,4444161935764871024,476427,0
Keck0069-aa,nested_5000,5000,5000,2,L,stream_large,1,0.433708,0.256437,85.5117,9156,4444161935764871024,476427,0
Keck0069-aa,nested_5000,5000,5000,2,L,dual_small,2,0.677709,0.519239,136.559,9156,4444161935764871024,476427,476427
Keck0069-aa,nested_5000,5000,5000,2,L,stream_small,2,0.438759,0.266112,85.5508,9156,4444161935764871024,476427,0
Keck0069-aa,nested_5000,5000,5000,2,L,stream_a,2,0.443931,0.267372,85.4883,9156,4444161935764871024,476427,0
Keck0069-aa,nested_5000,5000,5000,2,L,dual_a,2,0.671557,0.503657,136.539,9156,4444161935764871024,476427,476427
Keck0069-aa,nested_5000,5000,5000,2,L,stream_large,2,0.429364,0.256775,85.5664,9156,4444161935764871024,476427,0
Keck0069-aa,nested_50000,5000,50000,1,L,dual_a,0,0.469324,0.417874,155.684,6852,3294190047500249485,70577,691248
Keck0069-aa,nested_50000,5000,50000,1,L,stream_a,0,0.122882,0.03342,19.3086,6852,3294190047500249485,70577,0
Keck0069-aa,nested_50000,5000,50000,1,L,stream_large,0,0.454374,0.404302,148.465,6852,3294190047500249485,0,691248
Keck0069-aa,nested_50000,5000,50000,1,L,dual_small,0,0.488946,0.437913,155.77,6852,3294190047500249485,70577,691248
Keck0069-aa,nested_50000,5000,50000,1,L,stream_small,0,0.111078,0.0316989,19.2773,6852,3294190047500249485,70577,0
Keck0069-aa,nested_50000,5000,50000,1,L,dual_a,1,0.473332,0.428135,155.754,6852,3294190047500249485,70577,691248
Keck0069-aa,nested_50000,5000,50000,1,L,stream_a,1,0.114062,0.0334558,19.3203,6852,3294190047500249485,70577,0
Keck0069-aa,nested_50000,5000,50000,1,L,dual_small,1,0.459264,0.412808,155.715,6852,3294190047500249485,70577,691248
Keck0069-aa,nested_50000,5000,50000,1,L,stream_small,1,0.116474,0.0369651,19.3203,6852,3294190047500249485,70577,0
Keck0069-aa,nested_50000,5000,50000,1,L,stream_large,1,0.439075,0.397249,148.469,6852,3294190047500249485,0,691248
Keck0069-aa,nested_50000,5000,50000,1,L,dual_small,2,0.50343,0.452716,155.684,6852,3294190047500249485,70577,691248
Keck0069-aa,nested_50000,5000,50000,1,L,dual_a,2,0.550171,0.496916,155.738,6852,3294190047500249485,70577,691248
Keck0069-aa,nested_50000,5000,50000,1,L,stream_small,2,0.130641,0.0393633,19.3398,6852,3294190047500249485,70577,0
Keck0069-aa,nested_50000,5000,50000,1,L,stream_a,2,0.119778,0.0312273,19.3711,6852,3294190047500249485,70577,0
Keck0069-aa,nested_50000,5000,50000,1,L,stream_large,2,0.492619,0.442755,148.352,6852,3294190047500249485,0,691248
Keck0069-aa,nested_50000,5000,50000,2,L,stream_small,0,1.39472,0.307585,87.4492,46074,11969270013600866276,476427,0
Keck0069-aa,nested_50000,5000,50000,2,L,dual_a,0,5.33734,4.61435,933.934,46074,11969270013600866276,476427,4487720
Keck0069-aa,nested_50000,5000,50000,2,L,stream_a,0,1.65849,0.401294,87.4023,46074,11969270013600866276,476427,0
Keck0069-aa,nested_50000,5000,50000,2,L,dual_small,0,4.62754,4.25197,934.02,46074,11969270013600866276,476427,4487720
Keck0069-aa,nested_50000,5000,50000,2,L,stream_large,0,3.23039,2.8247,882.918,46074,11969270013600866276,0,4487720
Keck0069-aa,nested_50000,5000,50000,2,L,stream_large,1,3.15082,2.77139,882.949,46074,11969270013600866276,0,4487720
Keck0069-aa,nested_50000,5000,50000,2,L,dual_small,1,3.40531,3.01836,934.031,46074,11969270013600866276,476427,4487720
Keck0069-aa,nested_50000,5000,50000,2,L,dual_a,1,3.21089,2.86603,933.977,46074,11969270013600866276,476427,4487720
Keck0069-aa,nested_50000,5000,50000,2,L,stream_a,1,1.02923,0.213888,87.4336,46074,11969270013600866276,476427,0
Keck0069-aa,nested_50000,5000,50000,2,L,stream_small,1,0.978183,0.208845,87.3828,46074,11969270013600866276,476427,0
Keck0069-aa,nested_50000,5000,50000,2,L,stream_large,2,3.05593,2.67691,882.941,46074,11969270013600866276,0,4487720
Keck0069-aa,nested_50000,5000,50000,2,L,dual_a,2,3.78451,3.2706,933.938,46074,11969270013600866276,476427,4487720
Keck0069-aa,nested_50000,5000,50000,2,L,stream_a,2,1.08267,0.240607,87.4688,46074,11969270013600866276,476427,0
Keck0069-aa,nested_50000,5000,50000,2,L,stream_small,2,1.20308,0.23096,87.3984,46074,11969270013600866276,476427,0
Keck0069-aa,nested_50000,5000,50000,2,L,dual_small,2,4.90559,4.48438,933.914,46074,11969270013600866276,476427,4487720
Keck0069-aa,nested_549113,5000,549113,1,L,stream_large,0,4.8126,4.64428,909.215,25374,3053060071735404119,0,7003771
Keck0069-aa,nested_549113,5000,549113,1,L,dual_a,0,4.07675,3.92358,921.484,25374,3053060071735404119,70577,7003771
Keck0069-aa,nested_549113,5000,549113,1,L,dual_small,0,3.7562,3.56731,921.605,25374,3053060071735404119,70577,7003771
Keck0069-aa,nested_549113,5000,549113,1,L,stream_small,0,0.544197,0.0126458,38.0859,25374,3053060071735404119,70577,0
Keck0069-aa,nested_549113,5000,549113,1,L,stream_a,0,0.679481,0.0140057,37.9883,25374,3053060071735404119,70577,0
Keck0069-aa,nested_549113,5000,549113,1,L,dual_a,1,4.68633,4.51392,921.695,25374,3053060071735404119,70577,7003771
Keck0069-aa,nested_549113,5000,549113,1,L,stream_small,1,0.558214,0.0144068,38.0078,25374,3053060071735404119,70577,0
Keck0069-aa,nested_549113,5000,549113,1,L,stream_large,1,4.08152,3.83135,909.18,25374,3053060071735404119,0,7003771
Keck0069-aa,nested_549113,5000,549113,1,L,dual_small,1,3.68487,3.52101,921.578,25374,3053060071735404119,70577,7003771
Keck0069-aa,nested_549113,5000,549113,1,L,stream_a,1,0.57181,0.0139367,37.9844,25374,3053060071735404119,70577,0
Keck0069-aa,nested_549113,5000,549113,1,L,stream_large,2,3.75267,3.59137,909.207,25374,3053060071735404119,0,7003771
Keck0069-aa,nested_549113,5000,549113,1,L,dual_small,2,3.49003,3.33089,921.621,25374,3053060071735404119,70577,7003771
Keck0069-aa,nested_549113,5000,549113,1,L,stream_small,2,0.547818,0.0130044,37.957,25374,3053060071735404119,70577,0
Keck0069-aa,nested_549113,5000,549113,1,L,dual_a,2,3.69304,3.5297,921.496,25374,3053060071735404119,70577,7003771
Keck0069-aa,nested_549113,5000,549113,1,L,stream_a,2,0.582682,0.0160375,38.0352,25374,3053060071735404119,70577,0
Keck0069-aa,nested_549113,5000,549113,2,L,dual_a,0,48.5669,43.9943,4271.95,455647,1768068725909740101,476427,42204722
Keck0069-aa,nested_549113,5000,549113,2,L,stream_small,0,6.99409,0.146295,115.457,455647,1768068725909740101,476427,0
Keck0069-aa,nested_549113,5000,549113,2,L,stream_a,0,6.89454,0.158411,115.457,455647,1768068725909740101,476427,0
Keck0069-aa,nested_549113,5000,549113,2,L,dual_small,0,45.1286,40.958,4456.56,455647,1768068725909740101,476427,42204722
Keck0069-aa,nested_549113,5000,549113,2,L,stream_large,0,36.1659,32.4203,4742.52,455647,1768068725909740101,0,42204722
Keck0069-aa,nested_549113,5000,549113,2,L,dual_a,1,43.2641,38.8259,4563.67,455647,1768068725909740101,476427,42204722
Keck0069-aa,nested_549113,5000,549113,2,L,stream_a,1,6.63581,0.165667,115.453,455647,1768068725909740101,476427,0
Keck0069-aa,nested_549113,5000,549113,2,L,dual_small,1,43.0883,38.7014,4069.41,455647,1768068725909740101,476427,42204722
Keck0069-aa,nested_549113,5000,549113,2,L,stream_large,1,53.7021,46.5541,4467.2,455647,1768068725909740101,0,42204722
Keck0069-aa,nested_549113,5000,549113,2,L,stream_small,1,8.2664,0.165679,115.516,455647,1768068725909740101,476427,0
Keck0069-aa,nested_549113,5000,549113,2,L,stream_large,2,41.1939,36.5961,4430.23,455647,1768068725909740101,0,42204722
Keck0069-aa,nested_549113,5000,549113,2,L,dual_small,2,43.0733,39.3576,4163.66,455647,1768068725909740101,476427,42204722
Keck0069-aa,nested_549113,5000,549113,2,L,stream_small,2,6.90963,0.145615,115.535,455647,1768068725909740101,476427,0
Keck0069-aa,nested_549113,5000,549113,2,L,stream_a,2,7.09632,0.137279,115.449,455647,1768068725909740101,476427,0
Keck0069-aa,nested_549113,5000,549113,2,L,dual_a,2,43.3481,39.5297,4384.1,455647,1768068725909740101,476427,42204722
Keck0069-aa,disjoint,5000,5000,1,L,stream_small,0,0.026373,0.0208584,17.8398,200,16281225583710940132,70577,0
Keck0069-aa,disjoint,5000,5000,1,L,dual_a,0,0.0408644,0.0366262,25.2578,200,16281225583710940132,70577,70585
Keck0069-aa,disjoint,5000,5000,1,L,stream_a,0,0.0269218,0.0214783,17.8906,200,16281225583710940132,70577,0
Keck0069-aa,disjoint,5000,5000,1,L,stream_large,0,0.0265045,0.020447,17.8711,200,16281225583710940132,70577,0
Keck0069-aa,disjoint,5000,5000,1,L,dual_small,0,0.04019,0.0363579,25.2812,200,16281225583710940132,70577,70585
Keck0069-aa,disjoint,5000,5000,1,L,stream_small,1,0.0266808,0.0208004,17.8594,200,16281225583710940132,70577,0
Keck0069-aa,disjoint,5000,5000,1,L,dual_a,1,0.0420592,0.0383255,25.2656,200,16281225583710940132,70577,70585
Keck0069-aa,disjoint,5000,5000,1,L,stream_large,1,0.0271475,0.0215494,17.875,200,16281225583710940132,70577,0
Keck0069-aa,disjoint,5000,5000,1,L,dual_small,1,0.0411799,0.0367817,25.2422,200,16281225583710940132,70577,70585
Keck0069-aa,disjoint,5000,5000,1,L,stream_a,1,0.0266898,0.0210655,17.8789,200,16281225583710940132,70577,0
Keck0069-aa,disjoint,5000,5000,1,L,stream_large,2,0.0262847,0.0206596,17.9023,200,16281225583710940132,70577,0
Keck0069-aa,disjoint,5000,5000,1,L,stream_a,2,0.026997,0.0208991,17.9258,200,16281225583710940132,70577,0
Keck0069-aa,disjoint,5000,5000,1,L,dual_a,2,0.0401594,0.0362406,25.2695,200,16281225583710940132,70577,70585
Keck0069-aa,disjoint,5000,5000,1,L,dual_small,2,0.040722,0.0368698,25.2969,200,16281225583710940132,70577,70585
Keck0069-aa,disjoint,5000,5000,1,L,stream_small,2,0.027372,0.0210721,17.9062,200,16281225583710940132,70577,0
Keck0069-aa,disjoint,5000,5000,2,L,dual_small,0,0.335188,0.286508,136.359,4137,13151073749779284228,476427,475759
Keck0069-aa,disjoint,5000,5000,2,L,dual_a,0,0.330497,0.274433,136.355,4137,13151073749779284228,476427,475759
Keck0069-aa,disjoint,5000,5000,2,L,stream_a,0,0.223583,0.158886,85.3633,4137,13151073749779284228,476427,0
Keck0069-aa,disjoint,5000,5000,2,L,stream_small,0,0.211055,0.144508,85.3438,4137,13151073749779284228,476427,0
Keck0069-aa,disjoint,5000,5000,2,L,stream_large,0,0.230399,0.157629,85.4062,4137,13151073749779284228,476427,0
Keck0069-aa,disjoint,5000,5000,2,L,dual_small,1,0.412908,0.335996,136.383,4137,13151073749779284228,476427,475759
Keck0069-aa,disjoint,5000,5000,2,L,dual_a,1,0.443356,0.393656,136.387,4137,13151073749779284228,476427,475759
Keck0069-aa,disjoint,5000,5000,2,L,stream_large,1,0.211222,0.148913,85.4023,4137,13151073749779284228,476427,0
Keck0069-aa,disjoint,5000,5000,2,L,stream_a,1,0.404389,0.325836,85.418,4137,13151073749779284228,476427,0
Keck0069-aa,disjoint,5000,5000,2,L,stream_small,1,0.225208,0.163958,85.3516,4137,13151073749779284228,476427,0
Keck0069-aa,disjoint,5000,5000,2,L,stream_a,2,0.208739,0.145992,85.2109,4137,13151073749779284228,476427,0
Keck0069-aa,disjoint,5000,5000,2,L,stream_large,2,0.208755,0.147069,85.2891,4137,13151073749779284228,476427,0
Keck0069-aa,disjoint,5000,5000,2,L,dual_small,2,0.398183,0.326484,136.41,4137,13151073749779284228,476427,475759
Keck0069-aa,disjoint,5000,5000,2,L,dual_a,2,0.381082,0.333163,136.332,4137,13151073749779284228,476427,475759
Keck0069-aa,disjoint,5000,5000,2,L,stream_small,2,0.205104,0.145061,85.2773,4137,13151073749779284228,476427,0
Keck0069-aa,half_shared,5000,5000,1,L,dual_a,0,0.0432557,0.0363002,25.3281,2711,365955002044417255,70577,70553
Keck0069-aa,half_shared,5000,5000,1,L,stream_small,0,0.0313441,0.022072,18.0312,2711,365955002044417255,70577,0
Keck0069-aa,half_shared,5000,5000,1,L,stream_a,0,0.0314463,0.0220262,18.0234,2711,365955002044417255,70577,0
Keck0069-aa,half_shared,5000,5000,1,L,dual_small,0,0.0532013,0.0436908,25.4648,2711,365955002044417255,70577,70553
Keck0069-aa,half_shared,5000,5000,1,L,stream_large,0,0.0315416,0.0215655,18.0547,2711,365955002044417255,70577,0
Keck0069-aa,half_shared,5000,5000,1,L,stream_a,1,0.0295164,0.0213022,18.0195,2711,365955002044417255,70577,0
Keck0069-aa,half_shared,5000,5000,1,L,dual_small,1,0.0446887,0.0372766,25.3672,2711,365955002044417255,70577,70553
Keck0069-aa,half_shared,5000,5000,1,L,stream_small,1,0.0295975,0.0211827,18.0352,2711,365955002044417255,70577,0
Keck0069-aa,half_shared,5000,5000,1,L,dual_a,1,0.0435818,0.0366222,25.3125,2711,365955002044417255,70577,70553
Keck0069-aa,half_shared,5000,5000,1,L,stream_large,1,0.0294318,0.0210353,17.9023,2711,365955002044417255,70577,0
Keck0069-aa,half_shared,5000,5000,1,L,dual_a,2,0.0434469,0.0365465,25.207,2711,365955002044417255,70577,70553
Keck0069-aa,half_shared,5000,5000,1,L,dual_small,2,0.0435427,0.0361973,25.2539,2711,365955002044417255,70577,70553
Keck0069-aa,half_shared,5000,5000,1,L,stream_a,2,0.0320818,0.0222625,18.0312,2711,365955002044417255,70577,0
Keck0069-aa,half_shared,5000,5000,1,L,stream_small,2,0.0299992,0.0217781,17.9883,2711,365955002044417255,70577,0
Keck0069-aa,half_shared,5000,5000,1,L,stream_large,2,0.0295742,0.0204357,17.9648,2711,365955002044417255,70577,0
Keck0069-aa,half_shared,5000,5000,2,L,dual_small,0,0.368532,0.296772,136.25,6691,18443364307315162567,476427,475631
Keck0069-aa,half_shared,5000,5000,2,L,dual_a,0,0.37505,0.296291,136.258,6691,18443364307315162567,476427,475631
Keck0069-aa,half_shared,5000,5000,2,L,stream_small,0,0.248942,0.165196,85.3555,6691,18443364307315162567,476427,0
Keck0069-aa,half_shared,5000,5000,2,L,stream_large,0,0.234233,0.150047,85.3125,6691,18443364307315162567,476427,0
Keck0069-aa,half_shared,5000,5000,2,L,stream_a,0,0.233755,0.150141,85.2969,6691,18443364307315162567,476427,0
Keck0069-aa,half_shared,5000,5000,2,L,dual_a,1,0.347914,0.275072,136.277,6691,18443364307315162567,476427,475631
Keck0069-aa,half_shared,5000,5000,2,L,stream_small,1,0.2274,0.145661,85.2891,6691,18443364307315162567,476427,0
Keck0069-aa,half_shared,5000,5000,2,L,stream_a,1,0.225432,0.143233,85.3281,6691,18443364307315162567,476427,0
Keck0069-aa,half_shared,5000,5000,2,L,stream_large,1,0.236454,0.146999,85.3047,6691,18443364307315162567,476427,0
Keck0069-aa,half_shared,5000,5000,2,L,dual_small,1,0.342697,0.273517,136.312,6691,18443364307315162567,476427,475631
Keck0069-aa,half_shared,5000,5000,2,L,stream_large,2,0.224121,0.142461,85.3281,6691,18443364307315162567,476427,0
Keck0069-aa,half_shared,5000,5000,2,L,stream_a,2,0.23085,0.146368,85.3086,6691,18443364307315162567,476427,0
Keck0069-aa,half_shared,5000,5000,2,L,stream_small,2,0.22526,0.142968,85.3242,6691,18443364307315162567,476427,0
Keck0069-aa,half_shared,5000,5000,2,L,dual_small,2,0.346657,0.277704,136.348,6691,18443364307315162567,476427,475631
Keck0069-aa,half_shared,5000,5000,2,L,dual_a,2,0.341449,0.271348,136.254,6691,18443364307315162567,476427,475631
P101-010-0005-tp1-aa,nested_500,5000,500,1,L,stream_a,0,0.0397292,0.0343703,19.8359,500,226865743950805594,87973,0
P101-010-0005-tp1-aa,nested_500,5000,500,1,L,dual_small,0,0.0402741,0.0353476,20.6602,500,226865743950805594,87973,8752
P101-010-0005-tp1-aa,nested_500,5000,500,1,L,stream_small,0,0.0146652,0.0031022,3.06641,500,226865743950805594,0,8752
P101-010-0005-tp1-aa,nested_500,5000,500,1,L,stream_large,0,0.0369606,0.0324004,19.7891,500,226865743950805594,87973,0
P101-010-0005-tp1-aa,nested_500,5000,500,1,L,dual_a,0,0.0411155,0.0359269,20.625,500,226865743950805594,87973,8752
P101-010-0005-tp1-aa,nested_500,5000,500,1,L,dual_small,1,0.0413284,0.0374256,20.6172,500,226865743950805594,87973,8752
P101-010-0005-tp1-aa,nested_500,5000,500,1,L,stream_large,1,0.0372725,0.0331479,19.8047,500,226865743950805594,87973,0
P101-010-0005-tp1-aa,nested_500,5000,500,1,L,dual_a,1,0.0397245,0.0347042,20.6094,500,226865743950805594,87973,8752
P101-010-0005-tp1-aa,nested_500,5000,500,1,L,stream_a,1,0.0370684,0.0327881,19.75,500,226865743950805594,87973,0
P101-010-0005-tp1-aa,nested_500,5000,500,1,L,stream_small,1,0.0142262,0.00316482,3.03516,500,226865743950805594,0,8752
P101-010-0005-tp1-aa,nested_500,5000,500,1,L,stream_large,2,0.0384956,0.0340271,19.7148,500,226865743950805594,87973,0
P101-010-0005-tp1-aa,nested_500,5000,500,1,L,dual_a,2,0.0408367,0.0359121,20.5664,500,226865743950805594,87973,8752
P101-010-0005-tp1-aa,nested_500,5000,500,1,L,dual_small,2,0.0384448,0.034501,20.543,500,226865743950805594,87973,8752
P101-010-0005-tp1-aa,nested_500,5000,500,1,L,stream_small,2,0.0144435,0.00346193,3.08594,500,226865743950805594,0,8752
P101-010-0005-tp1-aa,nested_500,5000,500,1,L,stream_a,2,0.0365953,0.0323829,19.6992,500,226865743950805594,87973,0
P101-010-0005-tp1-aa,nested_500,5000,500,2,L,stream_large,0,0.352424,0.313891,157.223,515,16380157526279041855,766650,0
P101-010-0005-tp1-aa,nested_500,5000,500,2,L,dual_a,0,0.38701,0.341061,163.961,515,16380157526279041855,766650,75612
P101-010-0005-tp1-aa,nested_500,5000,500,2,L,stream_a,0,0.355158,0.315721,157.285,515,16380157526279041855,766650,0
P101-010-0005-tp1-aa,nested_500,5000,500,2,L,dual_small,0,0.368003,0.335623,163.914,515,16380157526279041855,766650,75612
P101-010-0005-tp1-aa,nested_500,5000,500,2,L,stream_small,0,0.143689,0.0285375,19.1484,515,16380157526279041855,0,75612
P101-010-0005-tp1-aa,nested_500,5000,500,2,L,stream_large,1,0.378917,0.338128,157.195,515,16380157526279041855,766650,0
P101-010-0005-tp1-aa,nested_500,5000,500,2,L,stream_a,1,0.359873,0.320104,157.273,515,16380157526279041855,766650,0
P101-010-0005-tp1-aa,nested_500,5000,500,2,L,dual_small,1,0.368244,0.335364,163.965,515,16380157526279041855,766650,75612
P101-010-0005-tp1-aa,nested_500,5000,500,2,L,dual_a,1,0.387003,0.339257,163.965,515,16380157526279041855,766650,75612
P101-010-0005-tp1-aa,nested_500,5000,500,2,L,stream_small,1,0.148084,0.0287213,19.375,515,16380157526279041855,0,75612
P101-010-0005-tp1-aa,nested_500,5000,500,2,L,stream_large,2,0.383702,0.332788,157.539,515,16380157526279041855,766650,0
P101-010-0005-tp1-aa,nested_500,5000,500,2,L,dual_a,2,0.612208,0.398938,164.152,515,16380157526279041855,766650,75612
P101-010-0005-tp1-aa,nested_500,5000,500,2,L,stream_small,2,0.386212,0.029905,19.5508,515,16380157526279041855,0,75612
P101-010-0005-tp1-aa,nested_500,5000,500,2,L,stream_a,2,0.521197,0.471256,157.57,515,16380157526279041855,766650,0
P101-010-0005-tp1-aa,nested_500,5000,500,2,L,dual_small,2,0.413299,0.379872,164.109,515,16380157526279041855,766650,75612
P101-010-0005-tp1-aa,nested_5000,5000,5000,1,L,stream_large,0,0.0544614,0.0319008,19.9609,5012,3982272510415947738,87973,0
P101-010-0005-tp1-aa,nested_5000,5000,5000,1,L,stream_a,0,0.056491,0.032942,20.1133,5012,3982272510415947738,87973,0
P101-010-0005-tp1-aa,nested_5000,5000,5000,1,L,dual_a,0,0.0899249,0.0688131,29.332,5012,3982272510415947738,87973,87973
P101-010-0005-tp1-aa,nested_5000,5000,5000,1,L,stream_small,0,0.0757245,0.043492,20.1328,5012,3982272510415947738,87973,0
P101-010-0005-tp1-aa,nested_5000,5000,5000,1,L,dual_small,0,0.0886486,0.0723779,29.3125,5012,3982272510415947738,87973,87973
P101-010-0005-tp1-aa,nested_5000,5000,5000,1,L,dual_small,1,0.0740938,0.0589641,29.2617,5012,3982272510415947738,87973,87973
P101-010-0005-tp1-aa,nested_5000,5000,5000,1,L,stream_small,1,0.0558408,0.0320239,20.0391,5012,3982272510415947738,87973,0
P101-010-0005-tp1-aa,nested_5000,5000,5000,1,L,stream_large,1,0.0564481,0.0324906,20.0703,5012,3982272510415947738,87973,0
P101-010-0005-tp1-aa,nested_5000,5000,5000,1,L,dual_a,1,0.0943286,0.0719237,29.2578,5012,3982272510415947738,87973,87973
P101-010-0005-tp1-aa,nested_5000,5000,5000,1,L,stream_a,1,0.0704977,0.0399023,20.1016,5012,3982272510415947738,87973,0
P101-010-0005-tp1-aa,nested_5000,5000,5000,1,L,stream_a,2,0.0535839,0.0316481,19.9375,5012,3982272510415947738,87973,0
P101-010-0005-tp1-aa,nested_5000,5000,5000,1,L,stream_small,2,0.0552775,0.0322172,20.0703,5012,3982272510415947738,87973,0
P101-010-0005-tp1-aa,nested_5000,5000,5000,1,L,stream_large,2,0.0626395,0.0318663,20.0859,5012,3982272510415947738,87973,0
P101-010-0005-tp1-aa,nested_5000,5000,5000,1,L,dual_small,2,0.122262,0.0872621,29.2617,5012,3982272510415947738,87973,87973
P101-010-0005-tp1-aa,nested_5000,5000,5000,1,L,dual_a,2,0.0915647,0.0719917,29.3281,5012,3982272510415947738,87973,87973
P101-010-0005-tp1-aa,nested_5000,5000,5000,2,L,stream_large,0,0.62005,0.364114,157.973,5186,16737097606836053711,766650,0
P101-010-0005-tp1-aa,nested_5000,5000,5000,2,L,stream_a,0,0.555138,0.327719,157.77,5186,16737097606836053711,766650,0
P101-010-0005-tp1-aa,nested_5000,5000,5000,2,L,stream_small,0,0.680524,0.317097,157.945,5186,16737097606836053711,766650,0
P101-010-0005-tp1-aa,nested_5000,5000,5000,2,L,dual_a,0,0.756493,0.588543,236.48,5186,16737097606836053711,766650,766650
P101-010-0005-tp1-aa,nested_5000,5000,5000,2,L,dual_small,0,0.74826,0.591047,236.512,5186,16737097606836053711,766650,766650
P101-010-0005-tp1-aa,nested_5000,5000,5000,2,L,dual_a,1,0.857377,0.694352,236.66,5186,16737097606836053711,766650,766650
P101-010-0005-tp1-aa,nested_5000,5000,5000,2,L,dual_small,1,0.788405,0.630007,236.547,5186,16737097606836053711,766650,766650
P101-010-0005-tp1-aa,nested_5000,5000,5000,2,L,stream_small,1,0.563447,0.324366,157.809,5186,16737097606836053711,766650,0
P101-010-0005-tp1-aa,nested_5000,5000,5000,2,L,stream_large,1,0.549804,0.317521,157.797,5186,16737097606836053711,766650,0
P101-010-0005-tp1-aa,nested_5000,5000,5000,2,L,stream_a,1,0.547883,0.317095,157.609,5186,16737097606836053711,766650,0
P101-010-0005-tp1-aa,nested_5000,5000,5000,2,L,stream_a,2,0.555467,0.316226,157.855,5186,16737097606836053711,766650,0
P101-010-0005-tp1-aa,nested_5000,5000,5000,2,L,dual_small,2,0.759027,0.600442,236.426,5186,16737097606836053711,766650,766650
P101-010-0005-tp1-aa,nested_5000,5000,5000,2,L,stream_small,2,0.553913,0.320995,157.789,5186,16737097606836053711,766650,0
P101-010-0005-tp1-aa,nested_5000,5000,5000,2,L,dual_a,2,0.763946,0.592647,236.512,5186,16737097606836053711,766650,766650
P101-010-0005-tp1-aa,nested_5000,5000,5000,2,L,stream_large,2,0.55102,0.319376,157.66,5186,16737097606836053711,766650,0
P101-010-0005-tp1-aa,nested_50000,5000,50000,1,L,stream_large,0,0.434792,0.385664,169.16,5118,15575306300172353855,0,881898
P101-010-0005-tp1-aa,nested_50000,5000,50000,1,L,stream_small,0,0.15556,0.0308743,21.4414,5118,15575306300172353855,87973,0
P101-010-0005-tp1-aa,nested_50000,5000,50000,1,L,dual_a,0,0.455328,0.412646,178.402,5118,15575306300172353855,87973,881898
P101-010-0005-tp1-aa,nested_50000,5000,50000,1,L,stream_a,0,0.156112,0.0306076,21.4609,5118,15575306300172353855,87973,0
P101-010-0005-tp1-aa,nested_50000,5000,50000,1,L,dual_small,0,0.463281,0.420665,178.414,5118,15575306300172353855,87973,881898
P101-010-0005-tp1-aa,nested_50000,5000,50000,1,L,stream_a,1,0.16221,0.0319716,21.5234,5118,15575306300172353855,87973,0
P101-010-0005-tp1-aa,nested_50000,5000,50000,1,L,dual_a,1,0.523224,0.463962,178.484,5118,15575306300172353855,87973,881898
P101-010-0005-tp1-aa,nested_50000,5000,50000,1,L,stream_large,1,0.50205,0.453447,169.316,5118,15575306300172353855,0,881898
P101-010-0005-tp1-aa,nested_50000,5000,50000,1,L,stream_small,1,0.155656,0.0306081,21.4688,5118,15575306300172353855,87973,0
P101-010-0005-tp1-aa,nested_50000,5000,50000,1,L,dual_small,1,0.462339,0.420064,178.352,5118,15575306300172353855,87973,881898
P101-010-0005-tp1-aa,nested_50000,5000,50000,1,L,stream_small,2,0.153558,0.0308121,21.3711,5118,15575306300172353855,87973,0
P101-010-0005-tp1-aa,nested_50000,5000,50000,1,L,stream_a,2,0.157217,0.0310285,21.5078,5118,15575306300172353855,87973,0
P101-010-0005-tp1-aa,nested_50000,5000,50000,1,L,stream_large,2,0.432713,0.383854,169.211,5118,15575306300172353855,0,881898
P101-010-0005-tp1-aa,nested_50000,5000,50000,1,L,dual_small,2,0.45401,0.411605,178.504,5118,15575306300172353855,87973,881898
P101-010-0005-tp1-aa,nested_50000,5000,50000,1,L,dual_a,2,0.461565,0.41794,178.477,5118,15575306300172353855,87973,881898
P101-010-0005-tp1-aa,nested_50000,5000,50000,2,L,dual_small,0,4.59138,4.22652,1069.76,7020,18317110746284062744,766650,7703670
P101-010-0005-tp1-aa,nested_50000,5000,50000,2,L,stream_large,0,4.60088,4.16916,991.043,7020,18317110746284062744,0,7703670
P101-010-0005-tp1-aa,nested_50000,5000,50000,2,L,stream_small,0,1.74085,0.309831,159.391,7020,18317110746284062744,766650,0
P101-010-0005-tp1-aa,nested_50000,5000,50000,2,L,dual_a,0,4.45053,4.0911,1069.79,7020,18317110746284062744,766650,7703670
P101-010-0005-tp1-aa,nested_50000,5000,50000,2,L,stream_a,0,1.83668,0.33595,159.508,7020,18317110746284062744,766650,0
P101-010-0005-tp1-aa,nested_50000,5000,50000,2,L,dual_small,1,4.62385,4.26148,1069.78,7020,18317110746284062744,766650,7703670
P101-010-0005-tp1-aa,nested_50000,5000,50000,2,L,stream_a,1,1.87229,0.316701,159.547,7020,18317110746284062744,766650,0
P101-010-0005-tp1-aa,nested_50000,5000,50000,2,L,dual_a,1,4.98483,4.61391,1069.82,7020,18317110746284062744,766650,7703670
P101-010-0005-tp1-aa,nested_50000,5000,50000,2,L,stream_large,1,4.8529,4.42344,991.051,7020,18317110746284062744,0,7703670
P101-010-0005-tp1-aa,nested_50000,5000,50000,2,L,stream_small,1,1.72612,0.310972,159.398,7020,18317110746284062744,766650,0
P101-010-0005-tp1-aa,nested_50000,5000,50000,2,L,stream_small,2,1.80009,0.334932,159.574,7020,18317110746284062744,766650,0
P101-010-0005-tp1-aa,nested_50000,5000,50000,2,L,stream_a,2,1.72337,0.308384,159.395,7020,18317110746284062744,766650,0
P101-010-0005-tp1-aa,nested_50000,5000,50000,2,L,dual_a,2,4.45655,4.09618,1069.7,7020,18317110746284062744,766650,7703670
P101-010-0005-tp1-aa,nested_50000,5000,50000,2,L,stream_large,2,4.22252,3.7956,990.879,7020,18317110746284062744,0,7703670
P101-010-0005-tp1-aa,nested_50000,5000,50000,2,L,dual_small,2,4.45151,4.08463,1069.63,7020,18317110746284062744,766650,7703670
P101-010-0005-tp1-aa,nested_469144,5000,469144,1,L,dual_a,0,7.2425,6.95789,1061.21,6149,5240277808047271635,87973,8220026
P101-010-0005-tp1-aa,nested_469144,5000,469144,1,L,dual_small,0,4.81808,4.41794,1061.2,6149,5240277808047271635,87973,8220026
P101-010-0005-tp1-aa,nested_469144,5000,469144,1,L,stream_large,0,4.50429,4.24007,1051.93,6149,5240277808047271635,0,8220026
P101-010-0005-tp1-aa,nested_469144,5000,469144,1,L,stream_a,0,1.55093,0.0313036,34.2891,6149,5240277808047271635,87973,0
P101-010-0005-tp1-aa,nested_469144,5000,469144,1,L,stream_small,0,1.10647,0.025692,34.2422,6149,5240277808047271635,87973,0
P101-010-0005-tp1-aa,nested_469144,5000,469144,1,L,dual_small,1,4.31664,4.05011,1061.23,6149,5240277808047271635,87973,8220026
P101-010-0005-tp1-aa,nested_469144,5000,469144,1,L,stream_large,1,4.29636,4.02159,1051.95,6149,5240277808047271635,0,8220026
P101-010-0005-tp1-aa,nested_469144,5000,469144,1,L,stream_a,1,1.12532,0.0265051,34.3359,6149,5240277808047271635,87973,0
P101-010-0005-tp1-aa,nested_469144,5000,469144,1,L,stream_small,1,1.13147,0.0275806,34.3125,6149,5240277808047271635,87973,0
P101-010-0005-tp1-aa,nested_469144,5000,469144,1,L,dual_a,1,4.38884,4.12161,1061.16,6149,5240277808047271635,87973,8220026
P101-010-0005-tp1-aa,nested_469144,5000,469144,1,L,stream_large,2,4.28082,4.01098,1051.98,6149,5240277808047271635,0,8220026
P101-010-0005-tp1-aa,nested_469144,5000,469144,1,L,dual_small,2,4.27655,4.01911,1061.23,6149,5240277808047271635,87973,8220026
P101-010-0005-tp1-aa,nested_469144,5000,469144,1,L,dual_a,2,4.33805,4.07278,1061.22,6149,5240277808047271635,87973,8220026
P101-010-0005-tp1-aa,nested_469144,5000,469144,1,L,stream_small,2,1.13433,0.0265505,34.2383,6149,5240277808047271635,87973,0
P101-010-0005-tp1-aa,nested_469144,5000,469144,1,L,stream_a,2,1.10718,0.0261935,34.2305,6149,5240277808047271635,87973,0
P101-010-0005-tp1-aa,nested_469144,5000,469144,2,L,stream_large,0,126.111,107.618,6177.26,24357,6332648404506009557,0,71233131
P101-010-0005-tp1-aa,nested_469144,5000,469144,2,L,dual_a,0,121.947,102.731,6215.14,24357,6332648404506009557,766650,71233131
P101-010-0005-tp1-aa,nested_469144,5000,469144,2,L,stream_a,0,13.9136,0.3039,172.938,24357,6332648404506009557,766650,0
P101-010-0005-tp1-aa,nested_469144,5000,469144,2,L,dual_small,0,128.114,111.448,6502.46,24357,6332648404506009557,766650,71233131
P101-010-0005-tp1-aa,nested_469144,5000,469144,2,L,stream_small,0,13.4653,0.387175,172.848,24357,6332648404506009557,766650,0
P101-010-0005-tp1-aa,nested_469144,5000,469144,2,L,stream_a,1,13.3538,0.32016,172.879,24357,6332648404506009557,766650,0
P101-010-0005-tp1-aa,nested_469144,5000,469144,2,L,stream_large,1,116.655,101.214,6224.53,24357,6332648404506009557,0,71233131
P101-010-0005-tp1-aa,nested_469144,5000,469144,2,L,stream_small,1,13.9891,0.316561,172.914,24357,6332648404506009557,766650,0
P101-010-0005-tp1-aa,nested_469144,5000,469144,2,L,dual_a,1,95.3213,78.665,6475.27,24357,6332648404506009557,766650,71233131
P101-010-0005-tp1-aa,nested_469144,5000,469144,2,L,dual_small,1,90.7501,76.0059,7054.25,24357,6332648404506009557,766650,71233131
P101-010-0005-tp1-aa,nested_469144,5000,469144,2,L,dual_small,2,135.219,111.672,6574.39,24357,6332648404506009557,766650,71233131
P101-010-0005-tp1-aa,nested_469144,5000,469144,2,L,stream_small,2,13.1284,0.313406,172.84,24357,6332648404506009557,766650,0
P101-010-0005-tp1-aa,nested_469144,5000,469144,2,L,stream_a,2,13.1522,0.304252,172.762,24357,6332648404506009557,766650,0
P101-010-0005-tp1-aa,nested_469144,5000,469144,2,L,dual_a,2,3354.63,110.527,6711.96,24357,6332648404506009557,766650,71233131
P101-010-0005-tp1-aa,nested_469144,5000,469144,2,L,stream_large,2,114.767,100.79,7674.71,24357,6332648404506009557,0,71233131
P101-010-0005-tp1-aa,disjoint,5000,5000,1,L,dual_small,0,0.0685033,0.061061,29.1992,13,13788832449514672542,87973,88468
P101-010-0005-tp1-aa,disjoint,5000,5000,1,L,stream_small,0,0.0465938,0.0326063,19.8555,13,13788832449514672542,87973,0
P101-010-0005-tp1-aa,disjoint,5000,5000,1,L,dual_a,0,0.067935,0.060221,29.1914,13,13788832449514672542,87973,88468
P101-010-0005-tp1-aa,disjoint,5000,5000,1,L,stream_large,0,0.0458775,0.0318904,19.8438,13,13788832449514672542,87973,0
P101-010-0005-tp1-aa,disjoint,5000,5000,1,L,stream_a,0,0.0467226,0.0326997,19.8398,13,13788832449514672542,87973,0
P101-010-0005-tp1-aa,disjoint,5000,5000,1,L,dual_a,1,0.0688994,0.0609278,29.1992,13,13788832449514672542,87973,88468
P101-010-0005-tp1-aa,disjoint,5000,5000,1,L,stream_small,1,0.0512356,0.0349875,19.9648,13,13788832449514672542,87973,0
P101-010-0005-tp1-aa,disjoint,5000,5000,1,L,dual_small,1,0.0692247,0.0616186,29.1758,13,13788832449514672542,87973,88468
P101-010-0005-tp1-aa,disjoint,5000,5000,1,L,stream_a,1,0.0478016,0.0330598,19.9258,13,13788832449514672542,87973,0
P101-010-0005-tp1-aa,disjoint,5000,5000,1,L,stream_large,1,0.0484149,0.0340122,19.9727,13,13788832449514672542,87973,0
P101-010-0005-tp1-aa,disjoint,5000,5000,1,L,dual_a,2,0.0677264,0.0604205,29.1914,13,13788832449514672542,87973,88468
P101-010-0005-tp1-aa,disjoint,5000,5000,1,L,stream_small,2,0.0472759,0.032846,19.9453,13,13788832449514672542,87973,0
P101-010-0005-tp1-aa,disjoint,5000,5000,1,L,stream_a,2,0.0472914,0.0330573,19.9375,13,13788832449514672542,87973,0
P101-010-0005-tp1-aa,disjoint,5000,5000,1,L,stream_large,2,0.0473837,0.0329651,19.8789,13,13788832449514672542,87973,0
P101-010-0005-tp1-aa,disjoint,5000,5000,1,L,dual_small,2,0.0694334,0.0623418,29.2109,13,13788832449514672542,87973,88468
P101-010-0005-tp1-aa,disjoint,5000,5000,2,L,dual_small,0,0.778311,0.682739,237.508,195,13221800501228293369,766650,776085
P101-010-0005-tp1-aa,disjoint,5000,5000,2,L,stream_small,0,0.483387,0.329938,157.648,195,13221800501228293369,766650,0
P101-010-0005-tp1-aa,disjoint,5000,5000,2,L,stream_a,0,0.474206,0.314166,157.641,195,13221800501228293369,766650,0
P101-010-0005-tp1-aa,disjoint,5000,5000,2,L,stream_large,0,0.498336,0.325268,157.898,195,13221800501228293369,766650,0
P101-010-0005-tp1-aa,disjoint,5000,5000,2,L,dual_a,0,0.875176,0.772446,237.578,195,13221800501228293369,766650,776085
P101-010-0005-tp1-aa,disjoint,5000,5000,2,L,stream_large,1,0.577502,0.393612,157.891,195,13221800501228293369,766650,0
P101-010-0005-tp1-aa,disjoint,5000,5000,2,L,stream_small,1,0.535466,0.355468,157.852,195,13221800501228293369,766650,0
P101-010-0005-tp1-aa,disjoint,5000,5000,2,L,stream_a,1,0.533792,0.344414,157.988,195,13221800501228293369,766650,0
P101-010-0005-tp1-aa,disjoint,5000,5000,2,L,dual_small,1,0.752478,0.629285,237.441,195,13221800501228293369,766650,776085
P101-010-0005-tp1-aa,disjoint,5000,5000,2,L,dual_a,1,0.752367,0.658557,237.516,195,13221800501228293369,766650,776085
P101-010-0005-tp1-aa,disjoint,5000,5000,2,L,dual_small,2,0.806393,0.726106,237.473,195,13221800501228293369,766650,776085
P101-010-0005-tp1-aa,disjoint,5000,5000,2,L,stream_large,2,0.470151,0.311885,157.562,195,13221800501228293369,766650,0
P101-010-0005-tp1-aa,disjoint,5000,5000,2,L,stream_a,2,0.551875,0.370729,157.984,195,13221800501228293369,766650,0
P101-010-0005-tp1-aa,disjoint,5000,5000,2,L,stream_small,2,0.523883,0.365868,157.859,195,13221800501228293369,766650,0
P101-010-0005-tp1-aa,disjoint,5000,5000,2,L,dual_a,2,0.78616,0.679114,237.473,195,13221800501228293369,766650,776085
P101-010-0005-tp1-aa,half_shared,5000,5000,1,L,stream_small,0,0.0527868,0.0336621,20.0391,2514,10742734109359119074,87973,0
P101-010-0005-tp1-aa,half_shared,5000,5000,1,L,dual_small,0,0.0790356,0.0664056,29.3516,2514,10742734109359119074,87973,88351
P101-010-0005-tp1-aa,half_shared,5000,5000,1,L,stream_large,0,0.0559086,0.0365158,20.0352,2514,10742734109359119074,87973,0
P101-010-0005-tp1-aa,half_shared,5000,5000,1,L,stream_a,0,0.0511912,0.0328606,20,2514,10742734109359119074,87973,0
P101-010-0005-tp1-aa,half_shared,5000,5000,1,L,dual_a,0,0.0682039,0.057175,29.2148,2514,10742734109359119074,87973,88351
P101-010-0005-tp1-aa,half_shared,5000,5000,1,L,stream_small,1,0.0492866,0.0315845,19.8828,2514,10742734109359119074,87973,0
P101-010-0005-tp1-aa,half_shared,5000,5000,1,L,dual_a,1,0.0699005,0.0588813,29.2461,2514,10742734109359119074,87973,88351
P101-010-0005-tp1-aa,half_shared,5000,5000,1,L,stream_a,1,0.0509824,0.032709,20.082,2514,10742734109359119074,87973,0
P101-010-0005-tp1-aa,half_shared,5000,5000,1,L,stream_large,1,0.0518038,0.0324928,19.9766,2514,10742734109359119074,87973,0
P101-010-0005-tp1-aa,half_shared,5000,5000,1,L,dual_small,1,0.0712514,0.059307,29.2461,2514,10742734109359119074,87973,88351
P101-010-0005-tp1-aa,half_shared,5000,5000,1,L,dual_a,2,0.0739145,0.060908,29.1719,2514,10742734109359119074,87973,88351
P101-010-0005-tp1-aa,half_shared,5000,5000,1,L,stream_small,2,0.0547042,0.0348798,20.0703,2514,10742734109359119074,87973,0
P101-010-0005-tp1-aa,half_shared,5000,5000,1,L,stream_a,2,0.0585167,0.0378307,20.0742,2514,10742734109359119074,87973,0
P101-010-0005-tp1-aa,half_shared,5000,5000,1,L,stream_large,2,0.0530796,0.0341908,20.0469,2514,10742734109359119074,87973,0
P101-010-0005-tp1-aa,half_shared,5000,5000,1,L,dual_small,2,0.0745669,0.0623668,29.2227,2514,10742734109359119074,87973,88351
P101-010-0005-tp1-aa,half_shared,5000,5000,2,L,stream_small,0,0.742172,0.471758,157.98,2676,3152009280066833980,766650,0
P101-010-0005-tp1-aa,half_shared,5000,5000,2,L,stream_a,0,0.606526,0.370123,157.926,2676,3152009280066833980,766650,0
P101-010-0005-tp1-aa,half_shared,5000,5000,2,L,dual_small,0,0.775788,0.653083,237.195,2676,3152009280066833980,766650,773256
P101-010-0005-tp1-aa,half_shared,5000,5000,2,L,dual_a,0,1.13359,0.972165,237.184,2676,3152009280066833980,766650,773256
P101-010-0005-tp1-aa,half_shared,5000,5000,2,L,stream_large,0,0.536502,0.33415,157.84,2676,3152009280066833980,766650,0
P101-010-0005-tp1-aa,half_shared,5000,5000,2,L,stream_large,1,0.575143,0.329599,157.922,2676,3152009280066833980,766650,0
P101-010-0005-tp1-aa,half_shared,5000,5000,2,L,stream_small,1,0.760764,0.429645,157.961,2676,3152009280066833980,766650,0
P101-010-0005-tp1-aa,half_shared,5000,5000,2,L,dual_small,1,0.776348,0.619081,237.191,2676,3152009280066833980,766650,773256
P101-010-0005-tp1-aa,half_shared,5000,5000,2,L,dual_a,1,0.773985,0.643009,237.242,2676,3152009280066833980,766650,773256
P101-010-0005-tp1-aa,half_shared,5000,5000,2,L,stream_a,1,0.514754,0.324938,157.762,2676,3152009280066833980,766650,0
P101-010-0005-tp1-aa,half_shared,5000,5000,2,L,stream_a,2,0.605051,0.417848,157.875,2676,3152009280066833980,766650,0
P101-010-0005-tp1-aa,half_shared,5000,5000,2,L,stream_small,2,0.523292,0.311847,157.855,2676,3152009280066833980,766650,0
P101-010-0005-tp1-aa,half_shared,5000,5000,2,L,dual_small,2,0.729768,0.602186,237.125,2676,3152009280066833980,766650,773256
P101-010-0005-tp1-aa,half_shared,5000,5000,2,L,dual_a,2,0.717633,0.603256,237.094,2676,3152009280066833980,766650,773256
P101-010-0005-tp1-aa,half_shared,5000,5000,2,L,stream_large,2,0.531776,0.329889,157.898,2676,3152009280066833980,766650,0
