dataset,case,cutoff,variant,n_a,n_b,pairs,repeats,seconds,seconds_min,seconds_max,build_seconds,build_seconds_min,build_seconds_max,peak_mib,peak_mib_min,peak_mib_max
Keck0069-aa,nested_500,1,stream_a,5000,500,526,3,0.0366191,0.0291327,0.0386955,0.0317309,0.025011,0.0356816,17.8594,17.8555,17.9141
Keck0069-aa,nested_500,1,stream_small,5000,500,526,3,0.00845464,0.00764579,0.00923847,0.00273711,0.00231828,0.00402264,2.19922,2.16797,2.20312
Keck0069-aa,nested_500,1,dual_a,5000,500,526,3,0.0351176,0.0326051,0.0411458,0.032106,0.029375,0.0343324,17.8672,17.8281,17.9609
Keck0069-aa,nested_500,1,stream_large,5000,500,526,3,0.0327451,0.0301706,0.0329175,0.0297651,0.0274752,0.0304153,17.9414,17.8477,17.9648
Keck0069-aa,nested_500,1,dual_small,5000,500,526,3,0.0334134,0.0321889,0.0366589,0.0296557,0.0260334,0.0310959,17.9102,17.8789,17.9453
Keck0069-aa,nested_500,2,stream_large,5000,500,950,3,0.296939,0.252343,0.301816,0.269595,0.22586,0.271262,85.1992,85.1836,85.207
Keck0069-aa,nested_500,2,stream_a,5000,500,950,3,0.291694,0.290993,0.57721,0.266595,0.265952,0.545781,85.25,85.2109,85.25
Keck0069-aa,nested_500,2,dual_small,5000,500,950,3,0.311668,0.285509,0.379012,0.294937,0.25562,0.349777,85.2891,85.2305,85.3125
Keck0069-aa,nested_500,2,dual_a,5000,500,950,3,0.273674,0.252733,0.304334,0.238273,0.214489,0.2533,85.293,85.1914,85.293
Keck0069-aa,nested_500,2,stream_small,5000,500,950,3,0.0743305,0.0607033,0.0949264,0.0270255,0.0141137,0.028756,10.7109,10.6914,10.8594
Keck0069-aa,nested_5000,1,dual_a,5000,5000,5176,3,0.0827411,0.0778287,0.0863402,0.0642192,0.0552011,0.0644829,25.5,25.4531,25.5312
Keck0069-aa,nested_5000,1,stream_a,5000,5000,5176,3,0.0553582,0.0549416,0.0581089,0.0322183,0.0299208,0.0358658,18.1797,18.1406,18.2305
Keck0069-aa,nested_5000,1,stream_small,5000,5000,5176,3,0.057451,0.0544062,0.0656968,0.0356121,0.0338255,0.0377803,18.1406,18.1328,18.1641
Keck0069-aa,nested_5000,1,dual_small,5000,5000,5176,3,0.0896306,0.0873296,0.0948546,0.0713099,0.0684923,0.0793689,25.4766,25.4688,25.5586
Keck0069-aa,nested_5000,1,stream_large,5000,5000,5176,3,0.0559137,0.0526944,0.0570011,0.0370155,0.0349826,0.0383454,18.1094,18.0742,18.1523
Keck0069-aa,nested_5000,2,dual_a,5000,5000,9156,3,0.671557,0.662716,0.69604,0.503657,0.501995,0.525346,136.57,136.539,136.652
Keck0069-aa,nested_5000,2,stream_large,5000,5000,9156,3,0.433708,0.429364,0.453121,0.256775,0.256437,0.276274,85.5664,85.5117,85.582
Keck0069-aa,nested_5000,2,dual_small,5000,5000,9156,3,0.651879,0.647955,0.677709,0.495025,0.492335,0.519239,136.559,136.527,136.586
Keck0069-aa,nested_5000,2,stream_small,5000,5000,9156,3,0.443696,0.438759,0.445575,0.269271,0.266112,0.270185,85.5508,85.5469,85.5703
Keck0069-aa,nested_5000,2,stream_a,5000,5000,9156,3,0.443931,0.425496,0.446635,0.267372,0.255501,0.273391,85.5234,85.4883,85.6094
Keck0069-aa,nested_50000,1,dual_a,5000,50000,6852,3,0.473332,0.469324,0.550171,0.428135,0.417874,0.496916,155.738,155.684,155.754
Keck0069-aa,nested_50000,1,stream_a,5000,50000,6852,3,0.119778,0.114062,0.122882,0.03342,0.0312273,0.0334558,19.3203,19.3086,19.3711
Keck0069-aa,nested_50000,1,stream_large,5000,50000,6852,3,0.454374,0.439075,0.492619,0.404302,0.397249,0.442755,148.465,148.352,148.469
Keck0069-aa,nested_50000,1,dual_small,5000,50000,6852,3,0.488946,0.459264,0.50343,0.437913,0.412808,0.452716,155.715,155.684,155.77
Keck0069-aa,nested_50000,1,stream_small,5000,50000,6852,3,0.116474,0.111078,0.130641,0.0369651,0.0316989,0.0393633,19.3203,19.2773,19.3398
Keck0069-aa,nested_50000,2,stream_small,5000,50000,46074,3,1.20308,0.978183,1.39472,0.23096,0.208845,0.307585,87.3984,87.3828,87.4492
Keck0069-aa,nested_50000,2,dual_a,5000,50000,46074,3,3.78451,3.21089,5.33734,3.2706,2.86603,4.61435,933.938,933.934,933.977
Keck0069-aa,nested_50000,2,stream_a,5000,50000,46074,3,1.08267,1.02923,1.65849,0.240607,0.213888,0.401294,87.4336,87.4023,87.4688
Keck0069-aa,nested_50000,2,dual_small,5000,50000,46074,3,4.62754,3.40531,4.90559,4.25197,3.01836,4.48438,934.02,933.914,934.031
Keck0069-aa,nested_50000,2,stream_large,5000,50000,46074,3,3.15082,3.05593,3.23039,2.77139,2.67691,2.8247,882.941,882.918,882.949
Keck0069-aa,nested_549113,1,stream_large,5000,549113,25374,3,4.08152,3.75267,4.8126,3.83135,3.59137,4.64428,909.207,909.18,909.215
Keck0069-aa,nested_549113,1,dual_a,5000,549113,25374,3,4.07675,3.69304,4.68633,3.92358,3.5297,4.51392,921.496,921.484,921.695
Keck0069-aa,nested_549113,1,dual_small,5000,549113,25374,3,3.68487,3.49003,3.7562,3.52101,3.33089,3.56731,921.605,921.578,921.621
Keck0069-aa,nested_549113,1,stream_small,5000,549113,25374,3,0.547818,0.544197,0.558214,0.0130044,0.0126458,0.0144068,38.0078,37.957,38.0859
Keck0069-aa,nested_549113,1,stream_a,5000,549113,25374,3,0.582682,0.57181,0.679481,0.0140057,0.0139367,0.0160375,37.9883,37.9844,38.0352
Keck0069-aa,nested_549113,2,dual_a,5000,549113,455647,3,43.3481,43.2641,48.5669,39.5297,38.8259,43.9943,4384.1,4271.95,4563.67
Keck0069-aa,nested_549113,2,stream_small,5000,549113,455647,3,6.99409,6.90963,8.2664,0.146295,0.145615,0.165679,115.516,115.457,115.535
Keck0069-aa,nested_549113,2,stream_a,5000,549113,455647,3,6.89454,6.63581,7.09632,0.158411,0.137279,0.165667,115.453,115.449,115.457
Keck0069-aa,nested_549113,2,dual_small,5000,549113,455647,3,43.0883,43.0733,45.1286,39.3576,38.7014,40.958,4163.66,4069.41,4456.56
Keck0069-aa,nested_549113,2,stream_large,5000,549113,455647,3,41.1939,36.1659,53.7021,36.5961,32.4203,46.5541,4467.2,4430.23,4742.52
Keck0069-aa,disjoint,1,stream_small,5000,5000,200,3,0.0266808,0.026373,0.027372,0.0208584,0.0208004,0.0210721,17.8594,17.8398,17.9062
Keck0069-aa,disjoint,1,dual_a,5000,5000,200,3,0.0408644,0.0401594,0.0420592,0.0366262,0.0362406,0.0383255,25.2656,25.2578,25.2695
Keck0069-aa,disjoint,1,stream_a,5000,5000,200,3,0.0269218,0.0266898,0.026997,0.0210655,0.0208991,0.0214783,17.8906,17.8789,17.9258
Keck0069-aa,disjoint,1,stream_large,5000,5000,200,3,0.0265045,0.0262847,0.0271475,0.0206596,0.020447,0.0215494,17.875,17.8711,17.9023
Keck0069-aa,disjoint,1,dual_small,5000,5000,200,3,0.040722,0.04019,0.0411799,0.0367817,0.0363579,0.0368698,25.2812,25.2422,25.2969
Keck0069-aa,disjoint,2,dual_small,5000,5000,4137,3,0.398183,0.335188,0.412908,0.326484,0.286508,0.335996,136.383,136.359,136.41
Keck0069-aa,disjoint,2,dual_a,5000,5000,4137,3,0.381082,0.330497,0.443356,0.333163,0.274433,0.393656,136.355,136.332,136.387
Keck0069-aa,disjoint,2,stream_a,5000,5000,4137,3,0.223583,0.208739,0.404389,0.158886,0.145992,0.325836,85.3633,85.2109,85.418
Keck0069-aa,disjoint,2,stream_small,5000,5000,4137,3,0.211055,0.205104,0.225208,0.145061,0.144508,0.163958,85.3438,85.2773,85.3516
Keck0069-aa,disjoint,2,stream_large,5000,5000,4137,3,0.211222,0.208755,0.230399,0.148913,0.147069,0.157629,85.4023,85.2891,85.4062
Keck0069-aa,half_shared,1,dual_a,5000,5000,2711,3,0.0434469,0.0432557,0.0435818,0.0365465,0.0363002,0.0366222,25.3125,25.207,25.3281
Keck0069-aa,half_shared,1,stream_small,5000,5000,2711,3,0.0299992,0.0295975,0.0313441,0.0217781,0.0211827,0.022072,18.0312,17.9883,18.0352
Keck0069-aa,half_shared,1,stream_a,5000,5000,2711,3,0.0314463,0.0295164,0.0320818,0.0220262,0.0213022,0.0222625,18.0234,18.0195,18.0312
Keck0069-aa,half_shared,1,dual_small,5000,5000,2711,3,0.0446887,0.0435427,0.0532013,0.0372766,0.0361973,0.0436908,25.3672,25.2539,25.4648
Keck0069-aa,half_shared,1,stream_large,5000,5000,2711,3,0.0295742,0.0294318,0.0315416,0.0210353,0.0204357,0.0215655,17.9648,17.9023,18.0547
Keck0069-aa,half_shared,2,dual_small,5000,5000,6691,3,0.346657,0.342697,0.368532,0.277704,0.273517,0.296772,136.312,136.25,136.348
Keck0069-aa,half_shared,2,dual_a,5000,5000,6691,3,0.347914,0.341449,0.37505,0.275072,0.271348,0.296291,136.258,136.254,136.277
Keck0069-aa,half_shared,2,stream_small,5000,5000,6691,3,0.2274,0.22526,0.248942,0.145661,0.142968,0.165196,85.3242,85.2891,85.3555
Keck0069-aa,half_shared,2,stream_large,5000,5000,6691,3,0.234233,0.224121,0.236454,0.146999,0.142461,0.150047,85.3125,85.3047,85.3281
Keck0069-aa,half_shared,2,stream_a,5000,5000,6691,3,0.23085,0.225432,0.233755,0.146368,0.143233,0.150141,85.3086,85.2969,85.3281
P101-010-0005-tp1-aa,nested_500,1,stream_a,5000,500,500,3,0.0370684,0.0365953,0.0397292,0.0327881,0.0323829,0.0343703,19.75,19.6992,19.8359
P101-010-0005-tp1-aa,nested_500,1,dual_small,5000,500,500,3,0.0402741,0.0384448,0.0413284,0.0353476,0.034501,0.0374256,20.6172,20.543,20.6602
P101-010-0005-tp1-aa,nested_500,1,stream_small,5000,500,500,3,0.0144435,0.0142262,0.0146652,0.00316482,0.0031022,0.00346193,3.06641,3.03516,3.08594
P101-010-0005-tp1-aa,nested_500,1,stream_large,5000,500,500,3,0.0372725,0.0369606,0.0384956,0.0331479,0.0324004,0.0340271,19.7891,19.7148,19.8047
P101-010-0005-tp1-aa,nested_500,1,dual_a,5000,500,500,3,0.0408367,0.0397245,0.0411155,0.0359121,0.0347042,0.0359269,20.6094,20.5664,20.625
P101-010-0005-tp1-aa,nested_500,2,stream_large,5000,500,515,3,0.378917,0.352424,0.383702,0.332788,0.313891,0.338128,157.223,157.195,157.539
P101-010-0005-tp1-aa,nested_500,2,dual_a,5000,500,515,3,0.38701,0.387003,0.612208,0.341061,0.339257,0.398938,163.965,163.961,164.152
P101-010-0005-tp1-aa,nested_500,2,stream_a,5000,500,515,3,0.359873,0.355158,0.521197,0.320104,0.315721,0.471256,157.285,157.273,157.57
P101-010-0005-tp1-aa,nested_500,2,dual_small,5000,500,515,3,0.368244,0.368003,0.413299,0.335623,0.335364,0.379872,163.965,163.914,164.109
P101-010-0005-tp1-aa,nested_500,2,stream_small,5000,500,515,3,0.148084,0.143689,0.386212,0.0287213,0.0285375,0.029905,19.375,19.1484,19.5508
P101-010-0005-tp1-aa,nested_5000,1,stream_large,5000,5000,5012,3,0.0564481,0.0544614,0.0626395,0.0319008,0.0318663,0.0324906,20.0703,19.9609,20.0859
P101-010-0005-tp1-aa,nested_5000,1,stream_a,5000,5000,5012,3,0.056491,0.0535839,0.0704977,0.032942,0.0316481,0.0399023,20.1016,19.9375,20.1133
P101-010-0005-tp1-aa,nested_5000,1,dual_a,5000,5000,5012,3,0.0915647,0.0899249,0.0943286,0.0719237,0.0688131,0.0719917,29.3281,29.2578,29.332
P101-010-0005-tp1-aa,nested_5000,1,stream_small,5000,5000,5012,3,0.0558408,0.0552775,0.0757245,0.0322172,0.0320239,0.043492,20.0703,20.0391,20.1328
P101-010-0005-tp1-aa,nested_5000,1,dual_small,5000,5000,5012,3,0.0886486,0.0740938,0.122262,0.0723779,0.0589641,0.0872621,29.2617,29.2617,29.3125
P101-010-0005-tp1-aa,nested_5000,2,stream_large,5000,5000,5186,3,0.55102,0.549804,0.62005,0.319376,0.317521,0.364114,157.797,157.66,157.973
P101-010-0005-tp1-aa,nested_5000,2,stream_a,5000,5000,5186,3,0.555138,0.547883,0.555467,0.317095,0.316226,0.327719,157.77,157.609,157.855
P101-010-0005-tp1-aa,nested_5000,2,stream_small,5000,5000,5186,3,0.563447,0.553913,0.680524,0.320995,0.317097,0.324366,157.809,157.789,157.945
P101-010-0005-tp1-aa,nested_5000,2,dual_a,5000,5000,5186,3,0.763946,0.756493,0.857377,0.592647,0.588543,0.694352,236.512,236.48,236.66
P101-010-0005-tp1-aa,nested_5000,2,dual_small,5000,5000,5186,3,0.759027,0.74826,0.788405,0.600442,0.591047,0.630007,236.512,236.426,236.547
P101-010-0005-tp1-aa,nested_50000,1,stream_large,5000,50000,5118,3,0.434792,0.432713,0.50205,0.385664,0.383854,0.453447,169.211,169.16,169.316
P101-010-0005-tp1-aa,nested_50000,1,stream_small,5000,50000,5118,3,0.15556,0.153558,0.155656,0.0308121,0.0306081,0.0308743,21.4414,21.3711,21.4688
P101-010-0005-tp1-aa,nested_50000,1,dual_a,5000,50000,5118,3,0.461565,0.455328,0.523224,0.41794,0.412646,0.463962,178.477,178.402,178.484
P101-010-0005-tp1-aa,nested_50000,1,stream_a,5000,50000,5118,3,0.157217,0.156112,0.16221,0.0310285,0.0306076,0.0319716,21.5078,21.4609,21.5234
P101-010-0005-tp1-aa,nested_50000,1,dual_small,5000,50000,5118,3,0.462339,0.45401,0.463281,0.420064,0.411605,0.420665,178.414,178.352,178.504
P101-010-0005-tp1-aa,nested_50000,2,dual_small,5000,50000,7020,3,4.59138,4.45151,4.62385,4.22652,4.08463,4.26148,1069.76,1069.63,1069.78
P101-010-0005-tp1-aa,nested_50000,2,stream_large,5000,50000,7020,3,4.60088,4.22252,4.8529,4.16916,3.7956,4.42344,991.043,990.879,991.051
P101-010-0005-tp1-aa,nested_50000,2,stream_small,5000,50000,7020,3,1.74085,1.72612,1.80009,0.310972,0.309831,0.334932,159.398,159.391,159.574
P101-010-0005-tp1-aa,nested_50000,2,dual_a,5000,50000,7020,3,4.45655,4.45053,4.98483,4.09618,4.0911,4.61391,1069.79,1069.7,1069.82
P101-010-0005-tp1-aa,nested_50000,2,stream_a,5000,50000,7020,3,1.83668,1.72337,1.87229,0.316701,0.308384,0.33595,159.508,159.395,159.547
P101-010-0005-tp1-aa,nested_469144,1,dual_a,5000,469144,6149,3,4.38884,4.33805,7.2425,4.12161,4.07278,6.95789,1061.21,1061.16,1061.22
P101-010-0005-tp1-aa,nested_469144,1,dual_small,5000,469144,6149,3,4.31664,4.27655,4.81808,4.05011,4.01911,4.41794,1061.23,1061.2,1061.23
P101-010-0005-tp1-aa,nested_469144,1,stream_large,5000,469144,6149,3,4.29636,4.28082,4.50429,4.02159,4.01098,4.24007,1051.95,1051.93,1051.98
P101-010-0005-tp1-aa,nested_469144,1,stream_a,5000,469144,6149,3,1.12532,1.10718,1.55093,0.0265051,0.0261935,0.0313036,34.2891,34.2305,34.3359
P101-010-0005-tp1-aa,nested_469144,1,stream_small,5000,469144,6149,3,1.13147,1.10647,1.13433,0.0265505,0.025692,0.0275806,34.2422,34.2383,34.3125
P101-010-0005-tp1-aa,nested_469144,2,stream_large,5000,469144,24357,3,116.655,114.767,126.111,101.214,100.79,107.618,6224.53,6177.26,7674.71
P101-010-0005-tp1-aa,nested_469144,2,dual_a,5000,469144,24357,3,121.947,95.3213,3354.63,102.731,78.665,110.527,6475.27,6215.14,6711.96
P101-010-0005-tp1-aa,nested_469144,2,stream_a,5000,469144,24357,3,13.3538,13.1522,13.9136,0.304252,0.3039,0.32016,172.879,172.762,172.938
P101-010-0005-tp1-aa,nested_469144,2,dual_small,5000,469144,24357,3,128.114,90.7501,135.219,111.448,76.0059,111.672,6574.39,6502.46,7054.25
P101-010-0005-tp1-aa,nested_469144,2,stream_small,5000,469144,24357,3,13.4653,13.1284,13.9891,0.316561,0.313406,0.387175,172.848,172.84,172.914
P101-010-0005-tp1-aa,disjoint,1,dual_small,5000,5000,13,3,0.0692247,0.0685033,0.0694334,0.0616186,0.061061,0.0623418,29.1992,29.1758,29.2109
P101-010-0005-tp1-aa,disjoint,1,stream_small,5000,5000,13,3,0.0472759,0.0465938,0.0512356,0.032846,0.0326063,0.0349875,19.9453,19.8555,19.9648
P101-010-0005-tp1-aa,disjoint,1,dual_a,5000,5000,13,3,0.067935,0.0677264,0.0688994,0.0604205,0.060221,0.0609278,29.1914,29.1914,29.1992
P101-010-0005-tp1-aa,disjoint,1,stream_large,5000,5000,13,3,0.0473837,0.0458775,0.0484149,0.0329651,0.0318904,0.0340122,19.8789,19.8438,19.9727
P101-010-0005-tp1-aa,disjoint,1,stream_a,5000,5000,13,3,0.0472914,0.0467226,0.0478016,0.0330573,0.0326997,0.0330598,19.9258,19.8398,19.9375
P101-010-0005-tp1-aa,disjoint,2,dual_small,5000,5000,195,3,0.778311,0.752478,0.806393,0.682739,0.629285,0.726106,237.473,237.441,237.508
P101-010-0005-tp1-aa,disjoint,2,stream_small,5000,5000,195,3,0.523883,0.483387,0.535466,0.355468,0.329938,0.365868,157.852,157.648,157.859
P101-010-0005-tp1-aa,disjoint,2,stream_a,5000,5000,195,3,0.533792,0.474206,0.551875,0.344414,0.314166,0.370729,157.984,157.641,157.988
P101-010-0005-tp1-aa,disjoint,2,stream_large,5000,5000,195,3,0.498336,0.470151,0.577502,0.325268,0.311885,0.393612,157.891,157.562,157.898
P101-010-0005-tp1-aa,disjoint,2,dual_a,5000,5000,195,3,0.78616,0.752367,0.875176,0.679114,0.658557,0.772446,237.516,237.473,237.578
P101-010-0005-tp1-aa,half_shared,1,stream_small,5000,5000,2514,3,0.0527868,0.0492866,0.0547042,0.0336621,0.0315845,0.0348798,20.0391,19.8828,20.0703
P101-010-0005-tp1-aa,half_shared,1,dual_small,5000,5000,2514,3,0.0745669,0.0712514,0.0790356,0.0623668,0.059307,0.0664056,29.2461,29.2227,29.3516
P101-010-0005-tp1-aa,half_shared,1,stream_large,5000,5000,2514,3,0.0530796,0.0518038,0.0559086,0.0341908,0.0324928,0.0365158,20.0352,19.9766,20.0469
P101-010-0005-tp1-aa,half_shared,1,stream_a,5000,5000,2514,3,0.0511912,0.0509824,0.0585167,0.0328606,0.032709,0.0378307,20.0742,20.0,20.082
P101-010-0005-tp1-aa,half_shared,1,dual_a,5000,5000,2514,3,0.0699005,0.0682039,0.0739145,0.0588813,0.057175,0.060908,29.2148,29.1719,29.2461
P101-010-0005-tp1-aa,half_shared,2,stream_small,5000,5000,2676,3,0.742172,0.523292,0.760764,0.429645,0.311847,0.471758,157.961,157.855,157.98
P101-010-0005-tp1-aa,half_shared,2,stream_a,5000,5000,2676,3,0.605051,0.514754,0.606526,0.370123,0.324938,0.417848,157.875,157.762,157.926
P101-010-0005-tp1-aa,half_shared,2,dual_small,5000,5000,2676,3,0.775788,0.729768,0.776348,0.619081,0.602186,0.653083,237.191,237.125,237.195
P101-010-0005-tp1-aa,half_shared,2,dual_a,5000,5000,2676,3,0.773985,0.717633,1.13359,0.643009,0.603256,0.972165,237.184,237.094,237.242
P101-010-0005-tp1-aa,half_shared,2,stream_large,5000,5000,2676,3,0.536502,0.531776,0.575143,0.329889,0.329599,0.33415,157.898,157.84,157.922
